tool_generator_000001,mypassmoodle
tool_generator_000002,mypassmoodle
tool_generator_000003,mypassmoodle
tool_generator_000004,mypassmoodle
tool_generator_000005,mypassmoodle
tool_generator_000006,mypassmoodle
tool_generator_000007,mypassmoodle
tool_generator_000008,mypassmoodle
tool_generator_000009,mypassmoodle
tool_generator_000010,mypassmoodle
tool_generator_000011,mypassmoodle
tool_generator_000012,mypassmoodle
tool_generator_000013,mypassmoodle
tool_generator_000014,mypassmoodle
tool_generator_000015,mypassmoodle
tool_generator_000016,mypassmoodle
tool_generator_000017,mypassmoodle
tool_generator_000018,mypassmoodle
tool_generator_000019,mypassmoodle
tool_generator_000020,mypassmoodle
tool_generator_000021,mypassmoodle
tool_generator_000022,mypassmoodle
tool_generator_000023,mypassmoodle
tool_generator_000024,mypassmoodle
tool_generator_000025,mypassmoodle
tool_generator_000026,mypassmoodle
tool_generator_000027,mypassmoodle
tool_generator_000028,mypassmoodle
tool_generator_000029,mypassmoodle
tool_generator_000030,mypassmoodle
tool_generator_000031,mypassmoodle
tool_generator_000032,mypassmoodle
tool_generator_000033,mypassmoodle
tool_generator_000034,mypassmoodle
tool_generator_000035,mypassmoodle
tool_generator_000036,mypassmoodle
tool_generator_000037,mypassmoodle
tool_generator_000038,mypassmoodle
tool_generator_000039,mypassmoodle
tool_generator_000040,mypassmoodle
tool_generator_000041,mypassmoodle
tool_generator_000042,mypassmoodle
tool_generator_000043,mypassmoodle
tool_generator_000044,mypassmoodle
tool_generator_000045,mypassmoodle
tool_generator_000046,mypassmoodle
tool_generator_000047,mypassmoodle
tool_generator_000048,mypassmoodle
tool_generator_000049,mypassmoodle
tool_generator_000050,mypassmoodle
tool_generator_000051,mypassmoodle
tool_generator_000052,mypassmoodle
tool_generator_000053,mypassmoodle
tool_generator_000054,mypassmoodle
tool_generator_000055,mypassmoodle
tool_generator_000056,mypassmoodle
tool_generator_000057,mypassmoodle
tool_generator_000058,mypassmoodle
tool_generator_000059,mypassmoodle
tool_generator_000060,mypassmoodle
tool_generator_000061,mypassmoodle
tool_generator_000062,mypassmoodle
tool_generator_000063,mypassmoodle
tool_generator_000064,mypassmoodle
tool_generator_000065,mypassmoodle
tool_generator_000066,mypassmoodle
tool_generator_000067,mypassmoodle
tool_generator_000068,mypassmoodle
tool_generator_000069,mypassmoodle
tool_generator_000070,mypassmoodle
tool_generator_000071,mypassmoodle
tool_generator_000072,mypassmoodle
tool_generator_000073,mypassmoodle
tool_generator_000074,mypassmoodle
tool_generator_000075,mypassmoodle
tool_generator_000076,mypassmoodle
tool_generator_000077,mypassmoodle
tool_generator_000078,mypassmoodle
tool_generator_000079,mypassmoodle
tool_generator_000080,mypassmoodle
tool_generator_000081,mypassmoodle
tool_generator_000082,mypassmoodle
tool_generator_000083,mypassmoodle
tool_generator_000084,mypassmoodle
tool_generator_000085,mypassmoodle
tool_generator_000086,mypassmoodle
tool_generator_000087,mypassmoodle
tool_generator_000088,mypassmoodle
tool_generator_000089,mypassmoodle
tool_generator_000090,mypassmoodle
tool_generator_000091,mypassmoodle
tool_generator_000092,mypassmoodle
tool_generator_000093,mypassmoodle
tool_generator_000094,mypassmoodle
tool_generator_000095,mypassmoodle
tool_generator_000096,mypassmoodle
tool_generator_000097,mypassmoodle
tool_generator_000098,mypassmoodle
tool_generator_000099,mypassmoodle
tool_generator_000100,mypassmoodle
tool_generator_000101,mypassmoodle
tool_generator_000102,mypassmoodle
tool_generator_000103,mypassmoodle
tool_generator_000104,mypassmoodle
tool_generator_000105,mypassmoodle
tool_generator_000106,mypassmoodle
tool_generator_000107,mypassmoodle
tool_generator_000108,mypassmoodle
tool_generator_000109,mypassmoodle
tool_generator_000110,mypassmoodle
tool_generator_000111,mypassmoodle
tool_generator_000112,mypassmoodle
tool_generator_000113,mypassmoodle
tool_generator_000114,mypassmoodle
tool_generator_000115,mypassmoodle
tool_generator_000116,mypassmoodle
tool_generator_000117,mypassmoodle
tool_generator_000118,mypassmoodle
tool_generator_000119,mypassmoodle
tool_generator_000120,mypassmoodle
tool_generator_000121,mypassmoodle
tool_generator_000122,mypassmoodle
tool_generator_000123,mypassmoodle
tool_generator_000124,mypassmoodle
tool_generator_000125,mypassmoodle
tool_generator_000126,mypassmoodle
tool_generator_000127,mypassmoodle
tool_generator_000128,mypassmoodle
tool_generator_000129,mypassmoodle
tool_generator_000130,mypassmoodle
tool_generator_000131,mypassmoodle
tool_generator_000132,mypassmoodle
tool_generator_000133,mypassmoodle
tool_generator_000134,mypassmoodle
tool_generator_000135,mypassmoodle
tool_generator_000136,mypassmoodle
tool_generator_000137,mypassmoodle
tool_generator_000138,mypassmoodle
tool_generator_000139,mypassmoodle
tool_generator_000140,mypassmoodle
tool_generator_000141,mypassmoodle
tool_generator_000142,mypassmoodle
tool_generator_000143,mypassmoodle
tool_generator_000144,mypassmoodle
tool_generator_000145,mypassmoodle
tool_generator_000146,mypassmoodle
tool_generator_000147,mypassmoodle
tool_generator_000148,mypassmoodle
tool_generator_000149,mypassmoodle
tool_generator_000150,mypassmoodle
tool_generator_000151,mypassmoodle
tool_generator_000152,mypassmoodle
tool_generator_000153,mypassmoodle
tool_generator_000154,mypassmoodle
tool_generator_000155,mypassmoodle
tool_generator_000156,mypassmoodle
tool_generator_000157,mypassmoodle
tool_generator_000158,mypassmoodle
tool_generator_000159,mypassmoodle
tool_generator_000160,mypassmoodle
tool_generator_000161,mypassmoodle
tool_generator_000162,mypassmoodle
tool_generator_000163,mypassmoodle
tool_generator_000164,mypassmoodle
tool_generator_000165,mypassmoodle
tool_generator_000166,mypassmoodle
tool_generator_000167,mypassmoodle
tool_generator_000168,mypassmoodle
tool_generator_000169,mypassmoodle
tool_generator_000170,mypassmoodle
tool_generator_000171,mypassmoodle
tool_generator_000172,mypassmoodle
tool_generator_000173,mypassmoodle
tool_generator_000174,mypassmoodle
tool_generator_000175,mypassmoodle
tool_generator_000176,mypassmoodle
tool_generator_000177,mypassmoodle
tool_generator_000178,mypassmoodle
tool_generator_000179,mypassmoodle
tool_generator_000180,mypassmoodle
tool_generator_000181,mypassmoodle
tool_generator_000182,mypassmoodle
tool_generator_000183,mypassmoodle
tool_generator_000184,mypassmoodle
tool_generator_000185,mypassmoodle
tool_generator_000186,mypassmoodle
tool_generator_000187,mypassmoodle
tool_generator_000188,mypassmoodle
tool_generator_000189,mypassmoodle
tool_generator_000190,mypassmoodle
tool_generator_000191,mypassmoodle
tool_generator_000192,mypassmoodle
tool_generator_000193,mypassmoodle
tool_generator_000194,mypassmoodle
tool_generator_000195,mypassmoodle
tool_generator_000196,mypassmoodle
tool_generator_000197,mypassmoodle
tool_generator_000198,mypassmoodle
tool_generator_000199,mypassmoodle
tool_generator_000200,mypassmoodle
tool_generator_000201,mypassmoodle
tool_generator_000202,mypassmoodle
tool_generator_000203,mypassmoodle
tool_generator_000204,mypassmoodle
tool_generator_000205,mypassmoodle
tool_generator_000206,mypassmoodle
tool_generator_000207,mypassmoodle
tool_generator_000208,mypassmoodle
tool_generator_000209,mypassmoodle
tool_generator_000210,mypassmoodle
tool_generator_000211,mypassmoodle
tool_generator_000212,mypassmoodle
tool_generator_000213,mypassmoodle
tool_generator_000214,mypassmoodle
tool_generator_000215,mypassmoodle
tool_generator_000216,mypassmoodle
tool_generator_000217,mypassmoodle
tool_generator_000218,mypassmoodle
tool_generator_000219,mypassmoodle
tool_generator_000220,mypassmoodle
tool_generator_000221,mypassmoodle
tool_generator_000222,mypassmoodle
tool_generator_000223,mypassmoodle
tool_generator_000224,mypassmoodle
tool_generator_000225,mypassmoodle
tool_generator_000226,mypassmoodle
tool_generator_000227,mypassmoodle
tool_generator_000228,mypassmoodle
tool_generator_000229,mypassmoodle
tool_generator_000230,mypassmoodle
tool_generator_000231,mypassmoodle
tool_generator_000232,mypassmoodle
tool_generator_000233,mypassmoodle
tool_generator_000234,mypassmoodle
tool_generator_000235,mypassmoodle
tool_generator_000236,mypassmoodle
tool_generator_000237,mypassmoodle
tool_generator_000238,mypassmoodle
tool_generator_000239,mypassmoodle
tool_generator_000240,mypassmoodle
tool_generator_000241,mypassmoodle
tool_generator_000242,mypassmoodle
tool_generator_000243,mypassmoodle
tool_generator_000244,mypassmoodle
tool_generator_000245,mypassmoodle
tool_generator_000246,mypassmoodle
tool_generator_000247,mypassmoodle
tool_generator_000248,mypassmoodle
tool_generator_000249,mypassmoodle
tool_generator_000250,mypassmoodle
tool_generator_000251,mypassmoodle
tool_generator_000252,mypassmoodle
tool_generator_000253,mypassmoodle
tool_generator_000254,mypassmoodle
tool_generator_000255,mypassmoodle
tool_generator_000256,mypassmoodle
tool_generator_000257,mypassmoodle
tool_generator_000258,mypassmoodle
tool_generator_000259,mypassmoodle
tool_generator_000260,mypassmoodle
tool_generator_000261,mypassmoodle
tool_generator_000262,mypassmoodle
tool_generator_000263,mypassmoodle
tool_generator_000264,mypassmoodle
tool_generator_000265,mypassmoodle
tool_generator_000266,mypassmoodle
tool_generator_000267,mypassmoodle
tool_generator_000268,mypassmoodle
tool_generator_000269,mypassmoodle
tool_generator_000270,mypassmoodle
tool_generator_000271,mypassmoodle
tool_generator_000272,mypassmoodle
tool_generator_000273,mypassmoodle
tool_generator_000274,mypassmoodle
tool_generator_000275,mypassmoodle
tool_generator_000276,mypassmoodle
tool_generator_000277,mypassmoodle
tool_generator_000278,mypassmoodle
tool_generator_000279,mypassmoodle
tool_generator_000280,mypassmoodle
tool_generator_000281,mypassmoodle
tool_generator_000282,mypassmoodle
tool_generator_000283,mypassmoodle
tool_generator_000284,mypassmoodle
tool_generator_000285,mypassmoodle
tool_generator_000286,mypassmoodle
tool_generator_000287,mypassmoodle
tool_generator_000288,mypassmoodle
tool_generator_000289,mypassmoodle
tool_generator_000290,mypassmoodle
tool_generator_000291,mypassmoodle
tool_generator_000292,mypassmoodle
tool_generator_000293,mypassmoodle
tool_generator_000294,mypassmoodle
tool_generator_000295,mypassmoodle
tool_generator_000296,mypassmoodle
tool_generator_000297,mypassmoodle
tool_generator_000298,mypassmoodle
tool_generator_000299,mypassmoodle
tool_generator_000300,mypassmoodle
tool_generator_000301,mypassmoodle
tool_generator_000302,mypassmoodle
tool_generator_000303,mypassmoodle
tool_generator_000304,mypassmoodle
tool_generator_000305,mypassmoodle
tool_generator_000306,mypassmoodle
tool_generator_000307,mypassmoodle
tool_generator_000308,mypassmoodle
tool_generator_000309,mypassmoodle
tool_generator_000310,mypassmoodle
tool_generator_000311,mypassmoodle
tool_generator_000312,mypassmoodle
tool_generator_000313,mypassmoodle
tool_generator_000314,mypassmoodle
tool_generator_000315,mypassmoodle
tool_generator_000316,mypassmoodle
tool_generator_000317,mypassmoodle
tool_generator_000318,mypassmoodle
tool_generator_000319,mypassmoodle
tool_generator_000320,mypassmoodle
tool_generator_000321,mypassmoodle
tool_generator_000322,mypassmoodle
tool_generator_000323,mypassmoodle
tool_generator_000324,mypassmoodle
tool_generator_000325,mypassmoodle
tool_generator_000326,mypassmoodle
tool_generator_000327,mypassmoodle
tool_generator_000328,mypassmoodle
tool_generator_000329,mypassmoodle
tool_generator_000330,mypassmoodle
tool_generator_000331,mypassmoodle
tool_generator_000332,mypassmoodle
tool_generator_000333,mypassmoodle
tool_generator_000334,mypassmoodle
tool_generator_000335,mypassmoodle
tool_generator_000336,mypassmoodle
tool_generator_000337,mypassmoodle
tool_generator_000338,mypassmoodle
tool_generator_000339,mypassmoodle
tool_generator_000340,mypassmoodle
tool_generator_000341,mypassmoodle
tool_generator_000342,mypassmoodle
tool_generator_000343,mypassmoodle
tool_generator_000344,mypassmoodle
tool_generator_000345,mypassmoodle
tool_generator_000346,mypassmoodle
tool_generator_000347,mypassmoodle
tool_generator_000348,mypassmoodle
tool_generator_000349,mypassmoodle
tool_generator_000350,mypassmoodle
tool_generator_000351,mypassmoodle
tool_generator_000352,mypassmoodle
tool_generator_000353,mypassmoodle
tool_generator_000354,mypassmoodle
tool_generator_000355,mypassmoodle
tool_generator_000356,mypassmoodle
tool_generator_000357,mypassmoodle
tool_generator_000358,mypassmoodle
tool_generator_000359,mypassmoodle
tool_generator_000360,mypassmoodle
tool_generator_000361,mypassmoodle
tool_generator_000362,mypassmoodle
tool_generator_000363,mypassmoodle
tool_generator_000364,mypassmoodle
tool_generator_000365,mypassmoodle
tool_generator_000366,mypassmoodle
tool_generator_000367,mypassmoodle
tool_generator_000368,mypassmoodle
tool_generator_000369,mypassmoodle
tool_generator_000370,mypassmoodle
tool_generator_000371,mypassmoodle
tool_generator_000372,mypassmoodle
tool_generator_000373,mypassmoodle
tool_generator_000374,mypassmoodle
tool_generator_000375,mypassmoodle
tool_generator_000376,mypassmoodle
tool_generator_000377,mypassmoodle
tool_generator_000378,mypassmoodle
tool_generator_000379,mypassmoodle
tool_generator_000380,mypassmoodle
tool_generator_000381,mypassmoodle
tool_generator_000382,mypassmoodle
tool_generator_000383,mypassmoodle
tool_generator_000384,mypassmoodle
tool_generator_000385,mypassmoodle
tool_generator_000386,mypassmoodle
tool_generator_000387,mypassmoodle
tool_generator_000388,mypassmoodle
tool_generator_000389,mypassmoodle
tool_generator_000390,mypassmoodle
tool_generator_000391,mypassmoodle
tool_generator_000392,mypassmoodle
tool_generator_000393,mypassmoodle
tool_generator_000394,mypassmoodle
tool_generator_000395,mypassmoodle
tool_generator_000396,mypassmoodle
tool_generator_000397,mypassmoodle
tool_generator_000398,mypassmoodle
tool_generator_000399,mypassmoodle
tool_generator_000400,mypassmoodle
tool_generator_000401,mypassmoodle
tool_generator_000402,mypassmoodle
tool_generator_000403,mypassmoodle
tool_generator_000404,mypassmoodle
tool_generator_000405,mypassmoodle
tool_generator_000406,mypassmoodle
tool_generator_000407,mypassmoodle
tool_generator_000408,mypassmoodle
tool_generator_000409,mypassmoodle
tool_generator_000410,mypassmoodle
tool_generator_000411,mypassmoodle
tool_generator_000412,mypassmoodle
tool_generator_000413,mypassmoodle
tool_generator_000414,mypassmoodle
tool_generator_000415,mypassmoodle
tool_generator_000416,mypassmoodle
tool_generator_000417,mypassmoodle
tool_generator_000418,mypassmoodle
tool_generator_000419,mypassmoodle
tool_generator_000420,mypassmoodle
tool_generator_000421,mypassmoodle
tool_generator_000422,mypassmoodle
tool_generator_000423,mypassmoodle
tool_generator_000424,mypassmoodle
tool_generator_000425,mypassmoodle
tool_generator_000426,mypassmoodle
tool_generator_000427,mypassmoodle
tool_generator_000428,mypassmoodle
tool_generator_000429,mypassmoodle
tool_generator_000430,mypassmoodle
tool_generator_000431,mypassmoodle
tool_generator_000432,mypassmoodle
tool_generator_000433,mypassmoodle
tool_generator_000434,mypassmoodle
tool_generator_000435,mypassmoodle
tool_generator_000436,mypassmoodle
tool_generator_000437,mypassmoodle
tool_generator_000438,mypassmoodle
tool_generator_000439,mypassmoodle
tool_generator_000440,mypassmoodle
tool_generator_000441,mypassmoodle
tool_generator_000442,mypassmoodle
tool_generator_000443,mypassmoodle
tool_generator_000444,mypassmoodle
tool_generator_000445,mypassmoodle
tool_generator_000446,mypassmoodle
tool_generator_000447,mypassmoodle
tool_generator_000448,mypassmoodle
tool_generator_000449,mypassmoodle
tool_generator_000450,mypassmoodle
tool_generator_000451,mypassmoodle
tool_generator_000452,mypassmoodle
tool_generator_000453,mypassmoodle
tool_generator_000454,mypassmoodle
tool_generator_000455,mypassmoodle
tool_generator_000456,mypassmoodle
tool_generator_000457,mypassmoodle
tool_generator_000458,mypassmoodle
tool_generator_000459,mypassmoodle
tool_generator_000460,mypassmoodle
tool_generator_000461,mypassmoodle
tool_generator_000462,mypassmoodle
tool_generator_000463,mypassmoodle
tool_generator_000464,mypassmoodle
tool_generator_000465,mypassmoodle
tool_generator_000466,mypassmoodle
tool_generator_000467,mypassmoodle
tool_generator_000468,mypassmoodle
tool_generator_000469,mypassmoodle
tool_generator_000470,mypassmoodle
tool_generator_000471,mypassmoodle
tool_generator_000472,mypassmoodle
tool_generator_000473,mypassmoodle
tool_generator_000474,mypassmoodle
tool_generator_000475,mypassmoodle
tool_generator_000476,mypassmoodle
tool_generator_000477,mypassmoodle
tool_generator_000478,mypassmoodle
tool_generator_000479,mypassmoodle
tool_generator_000480,mypassmoodle
tool_generator_000481,mypassmoodle
tool_generator_000482,mypassmoodle
tool_generator_000483,mypassmoodle
tool_generator_000484,mypassmoodle
tool_generator_000485,mypassmoodle
tool_generator_000486,mypassmoodle
tool_generator_000487,mypassmoodle
tool_generator_000488,mypassmoodle
tool_generator_000489,mypassmoodle
tool_generator_000490,mypassmoodle
tool_generator_000491,mypassmoodle
tool_generator_000492,mypassmoodle
tool_generator_000493,mypassmoodle
tool_generator_000494,mypassmoodle
tool_generator_000495,mypassmoodle
tool_generator_000496,mypassmoodle
tool_generator_000497,mypassmoodle
tool_generator_000498,mypassmoodle
tool_generator_000499,mypassmoodle
tool_generator_000500,mypassmoodle
tool_generator_000501,mypassmoodle
tool_generator_000502,mypassmoodle
tool_generator_000503,mypassmoodle
tool_generator_000504,mypassmoodle
tool_generator_000505,mypassmoodle
tool_generator_000506,mypassmoodle
tool_generator_000507,mypassmoodle
tool_generator_000508,mypassmoodle
tool_generator_000509,mypassmoodle
tool_generator_000510,mypassmoodle
tool_generator_000511,mypassmoodle
tool_generator_000512,mypassmoodle
tool_generator_000513,mypassmoodle
tool_generator_000514,mypassmoodle
tool_generator_000515,mypassmoodle
tool_generator_000516,mypassmoodle
tool_generator_000517,mypassmoodle
tool_generator_000518,mypassmoodle
tool_generator_000519,mypassmoodle
tool_generator_000520,mypassmoodle
tool_generator_000521,mypassmoodle
tool_generator_000522,mypassmoodle
tool_generator_000523,mypassmoodle
tool_generator_000524,mypassmoodle
tool_generator_000525,mypassmoodle
tool_generator_000526,mypassmoodle
tool_generator_000527,mypassmoodle
tool_generator_000528,mypassmoodle
tool_generator_000529,mypassmoodle
tool_generator_000530,mypassmoodle
tool_generator_000531,mypassmoodle
tool_generator_000532,mypassmoodle
tool_generator_000533,mypassmoodle
tool_generator_000534,mypassmoodle
tool_generator_000535,mypassmoodle
tool_generator_000536,mypassmoodle
tool_generator_000537,mypassmoodle
tool_generator_000538,mypassmoodle
tool_generator_000539,mypassmoodle
tool_generator_000540,mypassmoodle
tool_generator_000541,mypassmoodle
tool_generator_000542,mypassmoodle
tool_generator_000543,mypassmoodle
tool_generator_000544,mypassmoodle
tool_generator_000545,mypassmoodle
tool_generator_000546,mypassmoodle
tool_generator_000547,mypassmoodle
tool_generator_000548,mypassmoodle
tool_generator_000549,mypassmoodle
tool_generator_000550,mypassmoodle
tool_generator_000551,mypassmoodle
tool_generator_000552,mypassmoodle
tool_generator_000553,mypassmoodle
tool_generator_000554,mypassmoodle
tool_generator_000555,mypassmoodle
tool_generator_000556,mypassmoodle
tool_generator_000557,mypassmoodle
tool_generator_000558,mypassmoodle
tool_generator_000559,mypassmoodle
tool_generator_000560,mypassmoodle
tool_generator_000561,mypassmoodle
tool_generator_000562,mypassmoodle
tool_generator_000563,mypassmoodle
tool_generator_000564,mypassmoodle
tool_generator_000565,mypassmoodle
tool_generator_000566,mypassmoodle
tool_generator_000567,mypassmoodle
tool_generator_000568,mypassmoodle
tool_generator_000569,mypassmoodle
tool_generator_000570,mypassmoodle
tool_generator_000571,mypassmoodle
tool_generator_000572,mypassmoodle
tool_generator_000573,mypassmoodle
tool_generator_000574,mypassmoodle
tool_generator_000575,mypassmoodle
tool_generator_000576,mypassmoodle
tool_generator_000577,mypassmoodle
tool_generator_000578,mypassmoodle
tool_generator_000579,mypassmoodle
tool_generator_000580,mypassmoodle
tool_generator_000581,mypassmoodle
tool_generator_000582,mypassmoodle
tool_generator_000583,mypassmoodle
tool_generator_000584,mypassmoodle
tool_generator_000585,mypassmoodle
tool_generator_000586,mypassmoodle
tool_generator_000587,mypassmoodle
tool_generator_000588,mypassmoodle
tool_generator_000589,mypassmoodle
tool_generator_000590,mypassmoodle
tool_generator_000591,mypassmoodle
tool_generator_000592,mypassmoodle
tool_generator_000593,mypassmoodle
tool_generator_000594,mypassmoodle
tool_generator_000595,mypassmoodle
tool_generator_000596,mypassmoodle
tool_generator_000597,mypassmoodle
tool_generator_000598,mypassmoodle
tool_generator_000599,mypassmoodle
tool_generator_000600,mypassmoodle
tool_generator_000601,mypassmoodle
tool_generator_000602,mypassmoodle
tool_generator_000603,mypassmoodle
tool_generator_000604,mypassmoodle
tool_generator_000605,mypassmoodle
tool_generator_000606,mypassmoodle
tool_generator_000607,mypassmoodle
tool_generator_000608,mypassmoodle
tool_generator_000609,mypassmoodle
tool_generator_000610,mypassmoodle
tool_generator_000611,mypassmoodle
tool_generator_000612,mypassmoodle
tool_generator_000613,mypassmoodle
tool_generator_000614,mypassmoodle
tool_generator_000615,mypassmoodle
tool_generator_000616,mypassmoodle
tool_generator_000617,mypassmoodle
tool_generator_000618,mypassmoodle
tool_generator_000619,mypassmoodle
tool_generator_000620,mypassmoodle
tool_generator_000621,mypassmoodle
tool_generator_000622,mypassmoodle
tool_generator_000623,mypassmoodle
tool_generator_000624,mypassmoodle
tool_generator_000625,mypassmoodle
tool_generator_000626,mypassmoodle
tool_generator_000627,mypassmoodle
tool_generator_000628,mypassmoodle
tool_generator_000629,mypassmoodle
tool_generator_000630,mypassmoodle
tool_generator_000631,mypassmoodle
tool_generator_000632,mypassmoodle
tool_generator_000633,mypassmoodle
tool_generator_000634,mypassmoodle
tool_generator_000635,mypassmoodle
tool_generator_000636,mypassmoodle
tool_generator_000637,mypassmoodle
tool_generator_000638,mypassmoodle
tool_generator_000639,mypassmoodle
tool_generator_000640,mypassmoodle
tool_generator_000641,mypassmoodle
tool_generator_000642,mypassmoodle
tool_generator_000643,mypassmoodle
tool_generator_000644,mypassmoodle
tool_generator_000645,mypassmoodle
tool_generator_000646,mypassmoodle
tool_generator_000647,mypassmoodle
tool_generator_000648,mypassmoodle
tool_generator_000649,mypassmoodle
tool_generator_000650,mypassmoodle
tool_generator_000651,mypassmoodle
tool_generator_000652,mypassmoodle
tool_generator_000653,mypassmoodle
tool_generator_000654,mypassmoodle
tool_generator_000655,mypassmoodle
tool_generator_000656,mypassmoodle
tool_generator_000657,mypassmoodle
tool_generator_000658,mypassmoodle
tool_generator_000659,mypassmoodle
tool_generator_000660,mypassmoodle
tool_generator_000661,mypassmoodle
tool_generator_000662,mypassmoodle
tool_generator_000663,mypassmoodle
tool_generator_000664,mypassmoodle
tool_generator_000665,mypassmoodle
tool_generator_000666,mypassmoodle
tool_generator_000667,mypassmoodle
tool_generator_000668,mypassmoodle
tool_generator_000669,mypassmoodle
tool_generator_000670,mypassmoodle
tool_generator_000671,mypassmoodle
tool_generator_000672,mypassmoodle
tool_generator_000673,mypassmoodle
tool_generator_000674,mypassmoodle
tool_generator_000675,mypassmoodle
tool_generator_000676,mypassmoodle
tool_generator_000677,mypassmoodle
tool_generator_000678,mypassmoodle
tool_generator_000679,mypassmoodle
tool_generator_000680,mypassmoodle
tool_generator_000681,mypassmoodle
tool_generator_000682,mypassmoodle
tool_generator_000683,mypassmoodle
tool_generator_000684,mypassmoodle
tool_generator_000685,mypassmoodle
tool_generator_000686,mypassmoodle
tool_generator_000687,mypassmoodle
tool_generator_000688,mypassmoodle
tool_generator_000689,mypassmoodle
tool_generator_000690,mypassmoodle
tool_generator_000691,mypassmoodle
tool_generator_000692,mypassmoodle
tool_generator_000693,mypassmoodle
tool_generator_000694,mypassmoodle
tool_generator_000695,mypassmoodle
tool_generator_000696,mypassmoodle
tool_generator_000697,mypassmoodle
tool_generator_000698,mypassmoodle
tool_generator_000699,mypassmoodle
tool_generator_000700,mypassmoodle
tool_generator_000701,mypassmoodle
tool_generator_000702,mypassmoodle
tool_generator_000703,mypassmoodle
tool_generator_000704,mypassmoodle
tool_generator_000705,mypassmoodle
tool_generator_000706,mypassmoodle
tool_generator_000707,mypassmoodle
tool_generator_000708,mypassmoodle
tool_generator_000709,mypassmoodle
tool_generator_000710,mypassmoodle
tool_generator_000711,mypassmoodle
tool_generator_000712,mypassmoodle
tool_generator_000713,mypassmoodle
tool_generator_000714,mypassmoodle
tool_generator_000715,mypassmoodle
tool_generator_000716,mypassmoodle
tool_generator_000717,mypassmoodle
tool_generator_000718,mypassmoodle
tool_generator_000719,mypassmoodle
tool_generator_000720,mypassmoodle
tool_generator_000721,mypassmoodle
tool_generator_000722,mypassmoodle
tool_generator_000723,mypassmoodle
tool_generator_000724,mypassmoodle
tool_generator_000725,mypassmoodle
tool_generator_000726,mypassmoodle
tool_generator_000727,mypassmoodle
tool_generator_000728,mypassmoodle
tool_generator_000729,mypassmoodle
tool_generator_000730,mypassmoodle
tool_generator_000731,mypassmoodle
tool_generator_000732,mypassmoodle
tool_generator_000733,mypassmoodle
tool_generator_000734,mypassmoodle
tool_generator_000735,mypassmoodle
tool_generator_000736,mypassmoodle
tool_generator_000737,mypassmoodle
tool_generator_000738,mypassmoodle
tool_generator_000739,mypassmoodle
tool_generator_000740,mypassmoodle
tool_generator_000741,mypassmoodle
tool_generator_000742,mypassmoodle
tool_generator_000743,mypassmoodle
tool_generator_000744,mypassmoodle
tool_generator_000745,mypassmoodle
tool_generator_000746,mypassmoodle
tool_generator_000747,mypassmoodle
tool_generator_000748,mypassmoodle
tool_generator_000749,mypassmoodle
tool_generator_000750,mypassmoodle
tool_generator_000751,mypassmoodle
tool_generator_000752,mypassmoodle
tool_generator_000753,mypassmoodle
tool_generator_000754,mypassmoodle
tool_generator_000755,mypassmoodle
tool_generator_000756,mypassmoodle
tool_generator_000757,mypassmoodle
tool_generator_000758,mypassmoodle
tool_generator_000759,mypassmoodle
tool_generator_000760,mypassmoodle
tool_generator_000761,mypassmoodle
tool_generator_000762,mypassmoodle
tool_generator_000763,mypassmoodle
tool_generator_000764,mypassmoodle
tool_generator_000765,mypassmoodle
tool_generator_000766,mypassmoodle
tool_generator_000767,mypassmoodle
tool_generator_000768,mypassmoodle
tool_generator_000769,mypassmoodle
tool_generator_000770,mypassmoodle
tool_generator_000771,mypassmoodle
tool_generator_000772,mypassmoodle
tool_generator_000773,mypassmoodle
tool_generator_000774,mypassmoodle
tool_generator_000775,mypassmoodle
tool_generator_000776,mypassmoodle
tool_generator_000777,mypassmoodle
tool_generator_000778,mypassmoodle
tool_generator_000779,mypassmoodle
tool_generator_000780,mypassmoodle
tool_generator_000781,mypassmoodle
tool_generator_000782,mypassmoodle
tool_generator_000783,mypassmoodle
tool_generator_000784,mypassmoodle
tool_generator_000785,mypassmoodle
tool_generator_000786,mypassmoodle
tool_generator_000787,mypassmoodle
tool_generator_000788,mypassmoodle
tool_generator_000789,mypassmoodle
tool_generator_000790,mypassmoodle
tool_generator_000791,mypassmoodle
tool_generator_000792,mypassmoodle
tool_generator_000793,mypassmoodle
tool_generator_000794,mypassmoodle
tool_generator_000795,mypassmoodle
tool_generator_000796,mypassmoodle
tool_generator_000797,mypassmoodle
tool_generator_000798,mypassmoodle
tool_generator_000799,mypassmoodle
tool_generator_000800,mypassmoodle
tool_generator_000801,mypassmoodle
tool_generator_000802,mypassmoodle
tool_generator_000803,mypassmoodle
tool_generator_000804,mypassmoodle
tool_generator_000805,mypassmoodle
tool_generator_000806,mypassmoodle
tool_generator_000807,mypassmoodle
tool_generator_000808,mypassmoodle
tool_generator_000809,mypassmoodle
tool_generator_000810,mypassmoodle
tool_generator_000811,mypassmoodle
tool_generator_000812,mypassmoodle
tool_generator_000813,mypassmoodle
tool_generator_000814,mypassmoodle
tool_generator_000815,mypassmoodle
tool_generator_000816,mypassmoodle
tool_generator_000817,mypassmoodle
tool_generator_000818,mypassmoodle
tool_generator_000819,mypassmoodle
tool_generator_000820,mypassmoodle
tool_generator_000821,mypassmoodle
tool_generator_000822,mypassmoodle
tool_generator_000823,mypassmoodle
tool_generator_000824,mypassmoodle
tool_generator_000825,mypassmoodle
tool_generator_000826,mypassmoodle
tool_generator_000827,mypassmoodle
tool_generator_000828,mypassmoodle
tool_generator_000829,mypassmoodle
tool_generator_000830,mypassmoodle
tool_generator_000831,mypassmoodle
tool_generator_000832,mypassmoodle
tool_generator_000833,mypassmoodle
tool_generator_000834,mypassmoodle
tool_generator_000835,mypassmoodle
tool_generator_000836,mypassmoodle
tool_generator_000837,mypassmoodle
tool_generator_000838,mypassmoodle
tool_generator_000839,mypassmoodle
tool_generator_000840,mypassmoodle
tool_generator_000841,mypassmoodle
tool_generator_000842,mypassmoodle
tool_generator_000843,mypassmoodle
tool_generator_000844,mypassmoodle
tool_generator_000845,mypassmoodle
tool_generator_000846,mypassmoodle
tool_generator_000847,mypassmoodle
tool_generator_000848,mypassmoodle
tool_generator_000849,mypassmoodle
tool_generator_000850,mypassmoodle
tool_generator_000851,mypassmoodle
tool_generator_000852,mypassmoodle
tool_generator_000853,mypassmoodle
tool_generator_000854,mypassmoodle
tool_generator_000855,mypassmoodle
tool_generator_000856,mypassmoodle
tool_generator_000857,mypassmoodle
tool_generator_000858,mypassmoodle
tool_generator_000859,mypassmoodle
tool_generator_000860,mypassmoodle
tool_generator_000861,mypassmoodle
tool_generator_000862,mypassmoodle
tool_generator_000863,mypassmoodle
tool_generator_000864,mypassmoodle
tool_generator_000865,mypassmoodle
tool_generator_000866,mypassmoodle
tool_generator_000867,mypassmoodle
tool_generator_000868,mypassmoodle
tool_generator_000869,mypassmoodle
tool_generator_000870,mypassmoodle
tool_generator_000871,mypassmoodle
tool_generator_000872,mypassmoodle
tool_generator_000873,mypassmoodle
tool_generator_000874,mypassmoodle
tool_generator_000875,mypassmoodle
tool_generator_000876,mypassmoodle
tool_generator_000877,mypassmoodle
tool_generator_000878,mypassmoodle
tool_generator_000879,mypassmoodle
tool_generator_000880,mypassmoodle
tool_generator_000881,mypassmoodle
tool_generator_000882,mypassmoodle
tool_generator_000883,mypassmoodle
tool_generator_000884,mypassmoodle
tool_generator_000885,mypassmoodle
tool_generator_000886,mypassmoodle
tool_generator_000887,mypassmoodle
tool_generator_000888,mypassmoodle
tool_generator_000889,mypassmoodle
tool_generator_000890,mypassmoodle
tool_generator_000891,mypassmoodle
tool_generator_000892,mypassmoodle
tool_generator_000893,mypassmoodle
tool_generator_000894,mypassmoodle
tool_generator_000895,mypassmoodle
tool_generator_000896,mypassmoodle
tool_generator_000897,mypassmoodle
tool_generator_000898,mypassmoodle
tool_generator_000899,mypassmoodle
tool_generator_000900,mypassmoodle
tool_generator_000901,mypassmoodle
tool_generator_000902,mypassmoodle
tool_generator_000903,mypassmoodle
tool_generator_000904,mypassmoodle
tool_generator_000905,mypassmoodle
tool_generator_000906,mypassmoodle
tool_generator_000907,mypassmoodle
tool_generator_000908,mypassmoodle
tool_generator_000909,mypassmoodle
tool_generator_000910,mypassmoodle
tool_generator_000911,mypassmoodle
tool_generator_000912,mypassmoodle
tool_generator_000913,mypassmoodle
tool_generator_000914,mypassmoodle
tool_generator_000915,mypassmoodle
tool_generator_000916,mypassmoodle
tool_generator_000917,mypassmoodle
tool_generator_000918,mypassmoodle
tool_generator_000919,mypassmoodle
tool_generator_000920,mypassmoodle
tool_generator_000921,mypassmoodle
tool_generator_000922,mypassmoodle
tool_generator_000923,mypassmoodle
tool_generator_000924,mypassmoodle
tool_generator_000925,mypassmoodle
tool_generator_000926,mypassmoodle
tool_generator_000927,mypassmoodle
tool_generator_000928,mypassmoodle
tool_generator_000929,mypassmoodle
tool_generator_000930,mypassmoodle
tool_generator_000931,mypassmoodle
tool_generator_000932,mypassmoodle
tool_generator_000933,mypassmoodle
tool_generator_000934,mypassmoodle
tool_generator_000935,mypassmoodle
tool_generator_000936,mypassmoodle
tool_generator_000937,mypassmoodle
tool_generator_000938,mypassmoodle
tool_generator_000939,mypassmoodle
tool_generator_000940,mypassmoodle
tool_generator_000941,mypassmoodle
tool_generator_000942,mypassmoodle
tool_generator_000943,mypassmoodle
tool_generator_000944,mypassmoodle
tool_generator_000945,mypassmoodle
tool_generator_000946,mypassmoodle
tool_generator_000947,mypassmoodle
tool_generator_000948,mypassmoodle
tool_generator_000949,mypassmoodle
tool_generator_000950,mypassmoodle
tool_generator_000951,mypassmoodle
tool_generator_000952,mypassmoodle
tool_generator_000953,mypassmoodle
tool_generator_000954,mypassmoodle
tool_generator_000955,mypassmoodle
tool_generator_000956,mypassmoodle
tool_generator_000957,mypassmoodle
tool_generator_000958,mypassmoodle
tool_generator_000959,mypassmoodle
tool_generator_000960,mypassmoodle
tool_generator_000961,mypassmoodle
tool_generator_000962,mypassmoodle
tool_generator_000963,mypassmoodle
tool_generator_000964,mypassmoodle
tool_generator_000965,mypassmoodle
tool_generator_000966,mypassmoodle
tool_generator_000967,mypassmoodle
tool_generator_000968,mypassmoodle
tool_generator_000969,mypassmoodle
tool_generator_000970,mypassmoodle
tool_generator_000971,mypassmoodle
tool_generator_000972,mypassmoodle
tool_generator_000973,mypassmoodle
tool_generator_000974,mypassmoodle
tool_generator_000975,mypassmoodle
tool_generator_000976,mypassmoodle
tool_generator_000977,mypassmoodle
tool_generator_000978,mypassmoodle
tool_generator_000979,mypassmoodle
tool_generator_000980,mypassmoodle
tool_generator_000981,mypassmoodle
tool_generator_000982,mypassmoodle
tool_generator_000983,mypassmoodle
tool_generator_000984,mypassmoodle
tool_generator_000985,mypassmoodle
tool_generator_000986,mypassmoodle
tool_generator_000987,mypassmoodle
tool_generator_000988,mypassmoodle
tool_generator_000989,mypassmoodle
tool_generator_000990,mypassmoodle
tool_generator_000991,mypassmoodle
tool_generator_000992,mypassmoodle
tool_generator_000993,mypassmoodle
tool_generator_000994,mypassmoodle
tool_generator_000995,mypassmoodle
tool_generator_000996,mypassmoodle
tool_generator_000997,mypassmoodle
tool_generator_000998,mypassmoodle
tool_generator_000999,mypassmoodle
tool_generator_001000,mypassmoodle